id,first_name,last_name,gender,birth_year
1,Christin,Philippeaux,Female,1989
2,Thorsten,Heyns,Male,1999
3,Caril,Otson,Female,2012
4,Gusty,Nann,Female,1996
5,Lisbeth,Lawler,Female,2006
6,Efren,Neller,Male,2004
7,Robinson,Hansana,Male,1992
8,Dyane,Stiegar,Female,2007
9,Adela,McDougald,Non-binary,1985
10,Derby,Crolla,Male,1997
11,Henry,Henze,Male,2010
12,Petronille,Rulton,Female,2010
13,Jacynth,Cheavin,Female,1994
14,Esmaria,Lochhead,Female,2012
15,Morly,De Vries,Male,2006
16,Hakim,Johnston,Male,1989
17,Pauly,Lauks,Male,1993
18,Dre,Edy,Female,2007
19,Eleanore,Mundall,Female,1991
20,Wood,Kilbourn,Male,2010
21,Gawen,Firidolfi,Male,2006
22,Sylvan,Rafe,Male,2012
23,Gilbertina,Worpole,Agender,1992
24,Mary,Wankel,Female,2002
25,Cori,Duquesnay,Genderqueer,2001
26,Grover,Rysom,Male,1999
27,Wilma,Igounet,Female,2007
28,Theo,Devany,Female,1984
29,Elladine,Branscomb,Female,2006
30,Lavena,Bratty,Female,2001
31,Arlinda,Wastling,Bigender,1999
32,Ernest,Colchett,Male,2002
33,Belvia,Murra,Female,1987
34,Archer,Langstrath,Male,2003
35,Cyrill,Panketh,Male,2003
36,Chantalle,Abbs,Female,1996
37,Clarinda,Root,Female,2004
38,Caty,Flipsen,Female,2010
39,Robinson,Walczynski,Male,1977
40,Stewart,Applewhite,Male,2003
41,Davida,Armatys,Female,2006
42,Rafael,Fitchell,Male,2008
43,Vergil,Cleator,Male,1994
44,Karola,Roggerone,Female,2009
45,Thorndike,Arnett,Male,2006
46,Enid,Shakespear,Female,2005
47,Carmella,Ruscoe,Female,1985
48,Chauncey,Willmore,Male,2012
49,Amanda,Peealess,Female,1968
50,Ike,Etty,Male,2007
